{"cameraMode":{"drawMode":0,"name":"Shaded","section":"Shading Mode"},"sceneLighting":true,"audioPlay":false,"sceneViewState":{"showFog":true,"showMaterialUpdate":false,"showSkybox":false,"showFlares":true,"showImageEffects":true,"showParticleSystems":true},"in2DMode":false,"pivot":{"x":4.189360618591309,"y":-5.117259502410889,"z":5.107102394104004},"rotation":{"x":0.32122868299484255,"y":-0.09666996449232102,"z":0.03298325091600418,"w":0.9414785504341126},"size":6.542092323303223,"orthographic":false}